"EMPNO","PNUMBER","NUMBEROFHOURS","RATEPERHOUR","OVERTIMESAL"
"985390171","P21","12","8",""
"408655164","P11","32","7",""
"770264383","P89","4","4",""
"439482639","P23","3","5",""
"658740925","P66","12","9",""
"340128792","P31","67","3",""
"985390171","P30","9","4",""
"994834080","P30","8","6",""
"770264383","P11","34","2",""
"408655164","P43","23","4",""
"985390171","P10","24","5",""
"658740925","P90","6","3",""
"770264383","P10","27","2",""
"856602049","P70","39","6",""
"408655164","P23","13","9",""
"770264383","P66","18","7",""
"856602049","P90","19","4",""
"985390171","P43","29","5",""
"770264383","P98","40","5",""
"985390171","P22","10","6",""
